{
  "configVersion": 2,
  "packages": [
    {
      "name": "_flutterfire_internals",
      "rootUri": "file:///C:/Users/crist/AppData/Local/Pub/Cache/hosted/pub.dev/_flutterfire_internals-1.3.32",
      "packageUri": "lib/",
      "languageVersion": "3.2"
    },
    {
      "name": "archive",
      "rootUri": "file:///C:/Users/crist/AppData/Local/Pub/Cache/hosted/pub.dev/archive-3.4.10",
      "packageUri": "lib/",
      "languageVersion": "2.12"
    },
    {
      "name": "args",
      "rootUri": "file:///C:/Users/crist/AppData/Local/Pub/Cache/hosted/pub.dev/args-2.5.0",
      "packageUri": "lib/",
      "languageVersion": "3.0"
    },
    {
      "name": "async",
      "rootUri": "file:///C:/Users/crist/AppData/Local/Pub/Cache/hosted/pub.dev/async-2.11.0",
      "packageUri": "lib/",
      "languageVersion": "2.18"
    },
    {
      "name": "boolean_selector",
      "rootUri": "file:///C:/Users/crist/AppData/Local/Pub/Cache/hosted/pub.dev/boolean_selector-2.1.1",
      "packageUri": "lib/",
      "languageVersion": "2.17"
    },
    {
      "name": "characters",
      "rootUri": "file:///C:/Users/crist/AppData/Local/Pub/Cache/hosted/pub.dev/characters-1.3.0",
      "packageUri": "lib/",
      "languageVersion": "2.12"
    },
    {
      "name": "checked_yaml",
      "rootUri": "file:///C:/Users/crist/AppData/Local/Pub/Cache/hosted/pub.dev/checked_yaml-2.0.3",
      "packageUri": "lib/",
      "languageVersion": "2.19"
    },
    {
      "name": "cli_util",
      "rootUri": "file:///C:/Users/crist/AppData/Local/Pub/Cache/hosted/pub.dev/cli_util-0.4.1",
      "packageUri": "lib/",
      "languageVersion": "3.0"
    },
    {
      "name": "clock",
      "rootUri": "file:///C:/Users/crist/AppData/Local/Pub/Cache/hosted/pub.dev/clock-1.1.1",
      "packageUri": "lib/",
      "languageVersion": "2.12"
    },
    {
      "name": "cloud_firestore",
      "rootUri": "file:///C:/Users/crist/AppData/Local/Pub/Cache/hosted/pub.dev/cloud_firestore-4.17.2",
      "packageUri": "lib/",
      "languageVersion": "2.18"
    },
    {
      "name": "cloud_firestore_platform_interface",
      "rootUri": "file:///C:/Users/crist/AppData/Local/Pub/Cache/hosted/pub.dev/cloud_firestore_platform_interface-6.2.2",
      "packageUri": "lib/",
      "languageVersion": "2.18"
    },
    {
      "name": "cloud_firestore_web",
      "rootUri": "file:///C:/Users/crist/AppData/Local/Pub/Cache/hosted/pub.dev/cloud_firestore_web-3.12.2",
      "packageUri": "lib/",
      "languageVersion": "3.2"
    },
    {
      "name": "collection",
      "rootUri": "file:///C:/Users/crist/AppData/Local/Pub/Cache/hosted/pub.dev/collection-1.18.0",
      "packageUri": "lib/",
      "languageVersion": "2.18"
    },
    {
      "name": "convert",
      "rootUri": "file:///C:/Users/crist/AppData/Local/Pub/Cache/hosted/pub.dev/convert-3.1.1",
      "packageUri": "lib/",
      "languageVersion": "2.18"
    },
    {
      "name": "cross_file",
      "rootUri": "file:///C:/Users/crist/AppData/Local/Pub/Cache/hosted/pub.dev/cross_file-0.3.4+1",
      "packageUri": "lib/",
      "languageVersion": "3.3"
    },
    {
      "name": "crypto",
      "rootUri": "file:///C:/Users/crist/AppData/Local/Pub/Cache/hosted/pub.dev/crypto-3.0.3",
      "packageUri": "lib/",
      "languageVersion": "2.19"
    },
    {
      "name": "cupertino_icons",
      "rootUri": "file:///C:/Users/crist/AppData/Local/Pub/Cache/hosted/pub.dev/cupertino_icons-1.0.6",
      "packageUri": "lib/",
      "languageVersion": "2.19"
    },
    {
      "name": "email_validator",
      "rootUri": "file:///C:/Users/crist/AppData/Local/Pub/Cache/hosted/pub.dev/email_validator-2.1.17",
      "packageUri": "lib/",
      "languageVersion": "2.12"
    },
    {
      "name": "fake_async",
      "rootUri": "file:///C:/Users/crist/AppData/Local/Pub/Cache/hosted/pub.dev/fake_async-1.3.1",
      "packageUri": "lib/",
      "languageVersion": "2.12"
    },
    {
      "name": "file_selector_linux",
      "rootUri": "file:///C:/Users/crist/AppData/Local/Pub/Cache/hosted/pub.dev/file_selector_linux-0.9.2+1",
      "packageUri": "lib/",
      "languageVersion": "2.19"
    },
    {
      "name": "file_selector_macos",
      "rootUri": "file:///C:/Users/crist/AppData/Local/Pub/Cache/hosted/pub.dev/file_selector_macos-0.9.4",
      "packageUri": "lib/",
      "languageVersion": "3.1"
    },
    {
      "name": "file_selector_platform_interface",
      "rootUri": "file:///C:/Users/crist/AppData/Local/Pub/Cache/hosted/pub.dev/file_selector_platform_interface-2.6.2",
      "packageUri": "lib/",
      "languageVersion": "3.0"
    },
    {
      "name": "file_selector_windows",
      "rootUri": "file:///C:/Users/crist/AppData/Local/Pub/Cache/hosted/pub.dev/file_selector_windows-0.9.3+1",
      "packageUri": "lib/",
      "languageVersion": "2.19"
    },
    {
      "name": "firebase_auth",
      "rootUri": "file:///C:/Users/crist/AppData/Local/Pub/Cache/hosted/pub.dev/firebase_auth-4.19.4",
      "packageUri": "lib/",
      "languageVersion": "2.18"
    },
    {
      "name": "firebase_auth_platform_interface",
      "rootUri": "file:///C:/Users/crist/AppData/Local/Pub/Cache/hosted/pub.dev/firebase_auth_platform_interface-7.2.5",
      "packageUri": "lib/",
      "languageVersion": "2.18"
    },
    {
      "name": "firebase_auth_web",
      "rootUri": "file:///C:/Users/crist/AppData/Local/Pub/Cache/hosted/pub.dev/firebase_auth_web-5.11.4",
      "packageUri": "lib/",
      "languageVersion": "3.2"
    },
    {
      "name": "firebase_core",
      "rootUri": "file:///C:/Users/crist/AppData/Local/Pub/Cache/hosted/pub.dev/firebase_core-2.30.1",
      "packageUri": "lib/",
      "languageVersion": "2.18"
    },
    {
      "name": "firebase_core_platform_interface",
      "rootUri": "file:///C:/Users/crist/AppData/Local/Pub/Cache/hosted/pub.dev/firebase_core_platform_interface-5.0.0",
      "packageUri": "lib/",
      "languageVersion": "2.18"
    },
    {
      "name": "firebase_core_web",
      "rootUri": "file:///C:/Users/crist/AppData/Local/Pub/Cache/hosted/pub.dev/firebase_core_web-2.16.0",
      "packageUri": "lib/",
      "languageVersion": "3.2"
    },
    {
      "name": "flutter",
      "rootUri": "file:///C:/flutter/packages/flutter",
      "packageUri": "lib/",
      "languageVersion": "3.2"
    },
    {
      "name": "flutter_launcher_icons",
      "rootUri": "file:///C:/Users/crist/AppData/Local/Pub/Cache/hosted/pub.dev/flutter_launcher_icons-0.13.1",
      "packageUri": "lib/",
      "languageVersion": "2.18"
    },
    {
      "name": "flutter_lints",
      "rootUri": "file:///C:/Users/crist/AppData/Local/Pub/Cache/hosted/pub.dev/flutter_lints-3.0.2",
      "packageUri": "lib/",
      "languageVersion": "3.1"
    },
    {
      "name": "flutter_plugin_android_lifecycle",
      "rootUri": "file:///C:/Users/crist/AppData/Local/Pub/Cache/hosted/pub.dev/flutter_plugin_android_lifecycle-2.0.19",
      "packageUri": "lib/",
      "languageVersion": "3.2"
    },
    {
      "name": "flutter_test",
      "rootUri": "file:///C:/flutter/packages/flutter_test",
      "packageUri": "lib/",
      "languageVersion": "3.2"
    },
    {
      "name": "flutter_web_plugins",
      "rootUri": "file:///C:/flutter/packages/flutter_web_plugins",
      "packageUri": "lib/",
      "languageVersion": "3.2"
    },
    {
      "name": "get",
      "rootUri": "file:///C:/Users/crist/AppData/Local/Pub/Cache/hosted/pub.dev/get-4.6.6",
      "packageUri": "lib/",
      "languageVersion": "2.15"
    },
    {
      "name": "http",
      "rootUri": "file:///C:/Users/crist/AppData/Local/Pub/Cache/hosted/pub.dev/http-1.2.1",
      "packageUri": "lib/",
      "languageVersion": "3.3"
    },
    {
      "name": "http_parser",
      "rootUri": "file:///C:/Users/crist/AppData/Local/Pub/Cache/hosted/pub.dev/http_parser-4.0.2",
      "packageUri": "lib/",
      "languageVersion": "2.12"
    },
    {
      "name": "image",
      "rootUri": "file:///C:/Users/crist/AppData/Local/Pub/Cache/hosted/pub.dev/image-4.1.7",
      "packageUri": "lib/",
      "languageVersion": "2.15"
    },
    {
      "name": "image_picker",
      "rootUri": "file:///C:/Users/crist/AppData/Local/Pub/Cache/hosted/pub.dev/image_picker-1.1.1",
      "packageUri": "lib/",
      "languageVersion": "3.3"
    },
    {
      "name": "image_picker_android",
      "rootUri": "file:///C:/Users/crist/AppData/Local/Pub/Cache/hosted/pub.dev/image_picker_android-0.8.12",
      "packageUri": "lib/",
      "languageVersion": "3.3"
    },
    {
      "name": "image_picker_for_web",
      "rootUri": "file:///C:/Users/crist/AppData/Local/Pub/Cache/hosted/pub.dev/image_picker_for_web-3.0.4",
      "packageUri": "lib/",
      "languageVersion": "3.3"
    },
    {
      "name": "image_picker_ios",
      "rootUri": "file:///C:/Users/crist/AppData/Local/Pub/Cache/hosted/pub.dev/image_picker_ios-0.8.11+1",
      "packageUri": "lib/",
      "languageVersion": "3.3"
    },
    {
      "name": "image_picker_linux",
      "rootUri": "file:///C:/Users/crist/AppData/Local/Pub/Cache/hosted/pub.dev/image_picker_linux-0.2.1+1",
      "packageUri": "lib/",
      "languageVersion": "2.19"
    },
    {
      "name": "image_picker_macos",
      "rootUri": "file:///C:/Users/crist/AppData/Local/Pub/Cache/hosted/pub.dev/image_picker_macos-0.2.1+1",
      "packageUri": "lib/",
      "languageVersion": "2.19"
    },
    {
      "name": "image_picker_platform_interface",
      "rootUri": "file:///C:/Users/crist/AppData/Local/Pub/Cache/hosted/pub.dev/image_picker_platform_interface-2.10.0",
      "packageUri": "lib/",
      "languageVersion": "3.3"
    },
    {
      "name": "image_picker_windows",
      "rootUri": "file:///C:/Users/crist/AppData/Local/Pub/Cache/hosted/pub.dev/image_picker_windows-0.2.1+1",
      "packageUri": "lib/",
      "languageVersion": "2.19"
    },
    {
      "name": "js",
      "rootUri": "file:///C:/Users/crist/AppData/Local/Pub/Cache/hosted/pub.dev/js-0.7.1",
      "packageUri": "lib/",
      "languageVersion": "3.1"
    },
    {
      "name": "json_annotation",
      "rootUri": "file:///C:/Users/crist/AppData/Local/Pub/Cache/hosted/pub.dev/json_annotation-4.8.1",
      "packageUri": "lib/",
      "languageVersion": "2.19"
    },
    {
      "name": "leak_tracker",
      "rootUri": "file:///C:/Users/crist/AppData/Local/Pub/Cache/hosted/pub.dev/leak_tracker-10.0.0",
      "packageUri": "lib/",
      "languageVersion": "3.1"
    },
    {
      "name": "leak_tracker_flutter_testing",
      "rootUri": "file:///C:/Users/crist/AppData/Local/Pub/Cache/hosted/pub.dev/leak_tracker_flutter_testing-2.0.1",
      "packageUri": "lib/",
      "languageVersion": "3.1"
    },
    {
      "name": "leak_tracker_testing",
      "rootUri": "file:///C:/Users/crist/AppData/Local/Pub/Cache/hosted/pub.dev/leak_tracker_testing-2.0.1",
      "packageUri": "lib/",
      "languageVersion": "3.1"
    },
    {
      "name": "lints",
      "rootUri": "file:///C:/Users/crist/AppData/Local/Pub/Cache/hosted/pub.dev/lints-3.0.0",
      "packageUri": "lib/",
      "languageVersion": "3.0"
    },
    {
      "name": "matcher",
      "rootUri": "file:///C:/Users/crist/AppData/Local/Pub/Cache/hosted/pub.dev/matcher-0.12.16+1",
      "packageUri": "lib/",
      "languageVersion": "3.0"
    },
    {
      "name": "material_color_utilities",
      "rootUri": "file:///C:/Users/crist/AppData/Local/Pub/Cache/hosted/pub.dev/material_color_utilities-0.8.0",
      "packageUri": "lib/",
      "languageVersion": "2.17"
    },
    {
      "name": "meta",
      "rootUri": "file:///C:/Users/crist/AppData/Local/Pub/Cache/hosted/pub.dev/meta-1.11.0",
      "packageUri": "lib/",
      "languageVersion": "2.12"
    },
    {
      "name": "mime",
      "rootUri": "file:///C:/Users/crist/AppData/Local/Pub/Cache/hosted/pub.dev/mime-1.0.5",
      "packageUri": "lib/",
      "languageVersion": "3.2"
    },
    {
      "name": "path",
      "rootUri": "file:///C:/Users/crist/AppData/Local/Pub/Cache/hosted/pub.dev/path-1.9.0",
      "packageUri": "lib/",
      "languageVersion": "3.0"
    },
    {
      "name": "petitparser",
      "rootUri": "file:///C:/Users/crist/AppData/Local/Pub/Cache/hosted/pub.dev/petitparser-6.0.2",
      "packageUri": "lib/",
      "languageVersion": "3.2"
    },
    {
      "name": "plugin_platform_interface",
      "rootUri": "file:///C:/Users/crist/AppData/Local/Pub/Cache/hosted/pub.dev/plugin_platform_interface-2.1.8",
      "packageUri": "lib/",
      "languageVersion": "3.0"
    },
    {
      "name": "pointycastle",
      "rootUri": "file:///C:/Users/crist/AppData/Local/Pub/Cache/hosted/pub.dev/pointycastle-3.8.0",
      "packageUri": "lib/",
      "languageVersion": "3.0"
    },
    {
      "name": "sky_engine",
      "rootUri": "file:///C:/flutter/bin/cache/pkg/sky_engine",
      "packageUri": "lib/",
      "languageVersion": "3.2"
    },
    {
      "name": "source_span",
      "rootUri": "file:///C:/Users/crist/AppData/Local/Pub/Cache/hosted/pub.dev/source_span-1.10.0",
      "packageUri": "lib/",
      "languageVersion": "2.18"
    },
    {
      "name": "stack_trace",
      "rootUri": "file:///C:/Users/crist/AppData/Local/Pub/Cache/hosted/pub.dev/stack_trace-1.11.1",
      "packageUri": "lib/",
      "languageVersion": "2.18"
    },
    {
      "name": "stream_channel",
      "rootUri": "file:///C:/Users/crist/AppData/Local/Pub/Cache/hosted/pub.dev/stream_channel-2.1.2",
      "packageUri": "lib/",
      "languageVersion": "2.19"
    },
    {
      "name": "string_scanner",
      "rootUri": "file:///C:/Users/crist/AppData/Local/Pub/Cache/hosted/pub.dev/string_scanner-1.2.0",
      "packageUri": "lib/",
      "languageVersion": "2.18"
    },
    {
      "name": "term_glyph",
      "rootUri": "file:///C:/Users/crist/AppData/Local/Pub/Cache/hosted/pub.dev/term_glyph-1.2.1",
      "packageUri": "lib/",
      "languageVersion": "2.12"
    },
    {
      "name": "test_api",
      "rootUri": "file:///C:/Users/crist/AppData/Local/Pub/Cache/hosted/pub.dev/test_api-0.6.1",
      "packageUri": "lib/",
      "languageVersion": "3.0"
    },
    {
      "name": "typed_data",
      "rootUri": "file:///C:/Users/crist/AppData/Local/Pub/Cache/hosted/pub.dev/typed_data-1.3.2",
      "packageUri": "lib/",
      "languageVersion": "2.17"
    },
    {
      "name": "vector_math",
      "rootUri": "file:///C:/Users/crist/AppData/Local/Pub/Cache/hosted/pub.dev/vector_math-2.1.4",
      "packageUri": "lib/",
      "languageVersion": "2.14"
    },
    {
      "name": "vm_service",
      "rootUri": "file:///C:/Users/crist/AppData/Local/Pub/Cache/hosted/pub.dev/vm_service-13.0.0",
      "packageUri": "lib/",
      "languageVersion": "3.0"
    },
    {
      "name": "web",
      "rootUri": "file:///C:/Users/crist/AppData/Local/Pub/Cache/hosted/pub.dev/web-0.5.1",
      "packageUri": "lib/",
      "languageVersion": "3.3"
    },
    {
      "name": "xml",
      "rootUri": "file:///C:/Users/crist/AppData/Local/Pub/Cache/hosted/pub.dev/xml-6.5.0",
      "packageUri": "lib/",
      "languageVersion": "3.2"
    },
    {
      "name": "yaml",
      "rootUri": "file:///C:/Users/crist/AppData/Local/Pub/Cache/hosted/pub.dev/yaml-3.1.2",
      "packageUri": "lib/",
      "languageVersion": "2.19"
    },
    {
      "name": "pension_app",
      "rootUri": "../",
      "packageUri": "lib/",
      "languageVersion": "3.3"
    }
  ],
  "generated": "2024-06-05T01:09:12.138799Z",
  "generator": "pub",
  "generatorVersion": "3.3.0"
}
